u1,i2,1
u3,i199,1
u3,i13,1
u3,i15,1
u3,i166,1
u3,i157,1
u3,i36,1
u3,i47,1
u3,i181,1
u3,i71,1
u3,i114,1
u3,i128,1
u3,i208,1
u3,i6,1
u3,i219,1
u3,i124,1
u3,i68,1
u3,i154,1
u3,i164,1
u3,i155,1
u3,i195,1
u3,i172,1
u3,i167,1
u3,i142,1
u3,i69,1
u3,i174,1
u3,i46,1
u3,i214,1
u3,i140,1
u3,i145,1
u3,i156,1
u3,i4,1
u3,i40,1
u3,i182,1
u3,i189,1
u3,i179,1
u3,i207,1
u3,i162,1
u3,i218,1
u3,i204,1
u3,i106,1
u3,i139,1
u3,i19,1
u3,i126,1
u3,i124,1
u3,i161,1
u3,i148,1
u3,i150,1
u3,i152,1
u3,i177,1
u3,i125,1
u3,i79,1
u3,i96,1
u3,i27,1
u3,i193,1
u3,i26,1
u3,i147,1
u3,i115,1
u3,i137,1
u3,i93,1
u3,i5,1
u3,i121,1
u3,i192,1
u3,i110,1
u3,i123,1
u3,i176,1
u3,i76,1
u3,i205,1
u3,i117,1
u3,i8,1
u3,i82,1
u3,i66,1
u3,i23,1
u3,i186,1
u3,i28,1
u3,i188,1
u3,i203,1
u3,i185,1
u3,i159,1
u3,i211,1
u3,i26,1
u3,i82,1
u3,i58,1
u3,i135,1
u3,i35,1
u3,i65,1
u3,i163,1
u3,i51,1
u3,i216,1
u3,i170,1
u3,i38,1
u3,i87,1
u3,i206,1
u3,i98,1
u3,i43,1
u3,i153,1
u4,i116,1
u4,i58,1
u5,i106,1
u5,i54,1
u5,i620,1
u5,i155,1
u5,i181,1
u5,i293,1
u5,i11,1
u5,i225,1
u5,i29,1
u5,i14,1
u5,i334,1
u5,i118,1
u5,i374,1
u5,i2,1
u5,i337,1
u5,i71,1
u5,i50,1
u5,i57,1
u5,i15,1
u5,i259,1
u5,i282,1
u5,i147,1
u5,i257,1
u5,i57,1
u5,i226,1
u5,i14,1
u5,i63,1
u5,i308,1
u5,i118,1
u5,i139,1
u5,i133,1
u5,i21,1
u5,i30,1
u5,i224,1
u5,i2,1
u5,i365,1
u5,i147,1
u5,i27,1
u5,i260,1
u5,i1,1
u5,i161,1
u5,i234,1
u5,i115,1
u5,i94,1
u5,i98,1
u5,i137,1
u5,i2,1
u5,i44,1
u5,i619,1
u5,i127,1
u5,i63,1
u5,i18,1
u5,i48,1
u5,i131,1
u5,i16,1
u5,i82,1
u5,i26,1
u5,i128,1
u5,i257,1
u5,i10,1
u5,i319,1
u5,i248,1
u5,i61,1
u5,i175,1
u5,i120,1
u5,i61,1
u5,i399,1
u5,i110,1
u5,i15,1
u5,i301,1
u5,i79,1
u5,i225,1
u5,i621,1
u5,i2,1
u5,i79,1
u5,i148,1
u5,i117,1
u5,i15,1
u5,i471,1
u5,i201,1
u5,i11,1
u5,i5,1
u5,i250,1
u5,i48,1
u5,i1,1
u5,i119,1
u5,i271,1
u5,i27,1
u5,i26,1
u5,i168,1
u5,i51,1
u5,i11,1
u5,i48,1
u5,i2,1
u5,i16,1
u5,i286,1
u5,i48,1
u5,i163,1
u5,i121,1
u5,i101,1
u5,i397,1
u5,i372,1
u5,i61,1
u5,i261,1
u5,i50,1
u5,i59,1
u5,i120,1
u5,i32,1
u5,i50,1
u5,i36,1
u5,i263,1
u5,i8,1
u5,i124,1
u5,i47,1
u5,i251,1
u5,i10,1
u5,i104,1
u5,i77,1
u5,i2,1
u5,i234,1
u5,i19,1
u5,i19,1
u5,i251,1
u5,i15,1
u5,i109,1
u5,i486,1
u5,i248,1
u5,i50,1
u5,i79,1
u5,i68,1
u5,i50,1
u5,i169,1
u5,i116,1
u5,i460,1
u5,i64,1
u5,i13,1
u5,i71,1
u5,i1,1
u5,i84,1
u5,i88,1
u5,i173,1
u5,i49,1
u5,i15,1
u5,i59,1
u5,i2,1
u5,i4,1
u5,i115,1
u5,i193,1
u5,i92,1
u5,i131,1
u5,i79,1
u5,i52,1
u5,i62,1
u5,i13,1
u5,i375,1
u5,i153,1
u5,i38,1
u5,i79,1
u5,i23,1
u5,i121,1
u5,i13,1
u5,i163,1
u5,i66,1
u5,i250,1
u5,i54,1
u5,i32,1
u5,i126,1
u5,i76,1
u5,i398,1
u5,i101,1
u5,i452,1
u5,i7,1
u5,i49,1
u5,i36,1
u5,i50,1
u5,i48,1
u5,i137,1
u5,i288,1
u5,i98,1
u5,i222,1
u5,i262,1
u5,i156,1
u5,i160,1
u5,i5,1
u5,i2,1
u5,i81,1
u5,i31,1
u5,i2,1
u5,i40,1
u5,i30,1
u5,i48,1
u5,i64,1
u5,i337,1
u5,i305,1
u5,i308,1
u5,i250,1
u5,i80,1
u5,i26,1
u5,i60,1
u5,i61,1
u5,i146,1
u5,i155,1
u5,i125,1
u5,i27,1
u5,i64,1
u5,i61,1
u5,i63,1
u5,i2,1
u5,i35,1
u5,i27,1
u5,i2,1
u5,i134,1
u5,i78,1
u5,i96,1
u5,i310,1
u5,i260,1
u5,i618,1
u5,i2,1
u5,i92,1
u5,i42,1
u5,i6,1
u5,i162,1
u5,i15,1
u5,i39,1
u5,i128,1
u5,i248,1
u5,i92,1
u5,i136,1
u5,i179,1
u5,i84,1
u5,i150,1
u5,i234,1
u5,i35,1
u5,i7,1
u5,i84,1
u5,i52,1
u5,i70,1
u5,i254,1
u5,i248,1
u5,i41,1
u5,i422,1
u5,i64,1
u5,i109,1
u5,i92,1
u5,i45,1
u5,i20,1
u5,i50,1
u5,i19,1
u5,i8,1
u5,i2,1
u5,i83,1
u5,i60,1
u5,i36,1
u5,i311,1
u5,i292,1
u5,i13,1
u5,i229,1
u5,i19,1
u5,i250,1
u5,i150,1
u5,i289,1
u5,i35,1
u5,i38,1
u5,i293,1
u5,i126,1
u5,i226,1
u5,i267,1
u5,i75,1
u5,i294,1
u5,i81,1
u5,i44,1
u5,i82,1
u5,i239,1
u5,i92,1
u5,i132,1
u5,i400,1
u5,i160,1
u5,i132,1
u5,i83,1
u5,i34,1
u5,i16,1
u5,i133,1
u5,i117,1
u5,i53,1
u5,i79,1
u5,i32,1
u5,i48,1
u5,i64,1
u5,i28,1
u5,i2,1
u5,i66,1
u5,i98,1
u5,i49,1
u5,i2,1
u5,i48,1
u5,i68,1
u5,i280,1
u5,i7,1
u5,i588,1
u5,i131,1
u5,i32,1
u5,i156,1
u5,i184,1
u5,i219,1
u5,i289,1
u5,i58,1
u5,i112,1
u5,i191,1
u5,i150,1
u5,i63,1
u5,i163,1
u5,i515,1
u5,i44,1
u5,i147,1
u5,i135,1
u5,i238,1
u5,i155,1
u5,i59,1
u5,i7,1
u5,i240,1
u5,i283,1
u5,i207,1
u5,i272,1
u5,i147,1
u5,i290,1
u5,i7,1
u5,i43,1
u5,i105,1
u5,i314,1
u5,i59,1
u5,i36,1
u5,i307,1
u5,i22,1
u5,i19,1
u5,i48,1
u5,i32,1
u5,i134,1
u5,i9,1
u5,i13,1
u5,i37,1
u5,i22,1
u5,i53,1
u5,i117,1
u5,i154,1
u5,i104,1
u5,i254,1
u5,i66,1
u5,i215,1
u5,i92,1
u5,i315,1
u5,i22,1
u5,i28,1
u5,i79,1
u5,i124,1
u5,i276,1
u5,i19,1
u5,i50,1
u5,i279,1
u5,i400,1
u5,i74,1
u5,i273,1
u5,i302,1
u5,i2,1
u5,i400,1
u5,i89,1
u5,i77,1
u5,i185,1
u5,i146,1
u5,i103,1
u5,i7,1
u5,i96,1
u5,i136,1
u5,i222,1
u5,i50,1
u5,i53,1
u5,i368,1
u5,i324,1
u5,i244,1
u5,i29,1
u5,i306,1
u5,i79,1
u5,i23,1
u5,i257,1
u5,i222,1
u5,i227,1
u5,i57,1
u5,i416,1
u5,i79,1
u5,i4,1
u5,i287,1
u5,i149,1
u5,i15,1
u5,i136,1
u5,i2,1
u5,i60,1
u5,i80,1
u5,i117,1
u5,i34,1
u5,i44,1
u5,i175,1
u5,i35,1
u5,i7,1
u5,i12,1
u5,i371,1
u5,i128,1
u5,i104,1
u5,i2,1
u5,i141,1
u5,i147,1
u5,i291,1
u5,i262,1
u5,i11,1
u5,i124,1
u5,i32,1
u5,i20,1
u5,i24,1
u5,i119,1
u5,i150,1
u5,i101,1
u5,i134,1
u5,i427,1
u5,i182,1
u5,i116,1
u5,i7,1
u5,i61,1
u5,i147,1
u5,i146,1
u5,i4,1
u5,i115,1
u5,i175,1
u5,i480,1
u5,i148,1
u5,i81,1
u5,i52,1
u5,i70,1
u5,i76,1
u5,i12,1
u5,i256,1
u5,i52,1
u5,i191,1
u5,i43,1
u5,i52,1
u5,i311,1
u5,i162,1
u5,i300,1
u5,i17,1
u5,i373,1
u5,i16,1
u5,i4,1
u5,i117,1
u5,i278,1
u5,i248,1
u5,i146,1
u5,i148,1
u5,i82,1
u5,i7,1
u5,i111,1
u5,i179,1
u5,i61,1
u5,i21,1
u5,i33,1
u5,i61,1
u5,i104,1
u5,i2,1
u5,i115,1
u5,i284,1
u5,i27,1
u5,i64,1
u5,i222,1
u5,i328,1
u5,i26,1
u5,i292,1
u5,i274,1
u5,i4,1
u5,i6,1
u5,i60,1
u5,i512,1
u5,i1,1
u5,i225,1
u5,i70,1
u5,i258,1
u5,i342,1
u5,i64,1
u5,i332,1
u5,i315,1
u5,i229,1
u5,i448,1
u5,i22,1
u5,i32,1
u5,i262,1
u5,i310,1
u5,i291,1
u5,i321,1
u5,i71,1
u5,i118,1
u5,i331,1
u5,i379,1
u5,i57,1
u5,i1,1
u5,i288,1
u5,i5,1
u5,i66,1
u5,i126,1
u5,i150,1
u5,i439,1
u5,i134,1
u5,i17,1
u5,i36,1
u5,i56,1
u5,i136,1
u5,i270,1
u5,i26,1
u5,i38,1
u5,i14,1
u5,i50,1
u5,i57,1
u6,i39,1
u6,i2,1
u6,i131,1
u8,i542,1
u8,i250,1
u8,i67,1
u8,i555,1
u8,i515,1
u8,i369,1
u8,i510,1
u8,i16,1
u8,i221,1
u8,i3,1
u8,i81,1
u8,i42,1
u8,i532,1
u8,i514,1
u8,i46,1
u8,i121,1
u8,i2,1
u8,i111,1
u8,i562,1
u8,i528,1
u8,i286,1
u8,i221,1
u8,i503,1
u8,i91,1
u8,i421,1
u8,i52,1
u8,i512,1
u8,i18,1
u8,i97,1
u8,i262,1
u8,i546,1
u8,i180,1
u8,i135,1
u8,i2,1
u8,i60,1
u8,i485,1
u8,i572,1
u8,i175,1
u8,i85,1
u8,i518,1
u8,i45,1
u8,i175,1
u8,i557,1
u8,i43,1
u8,i576,1
u8,i257,1
u8,i481,1
u8,i27,1
u8,i110,1
u8,i473,1
u8,i473,1
u8,i122,1
u8,i368,1
u8,i489,1
u8,i526,1
u8,i401,1
u8,i265,1
u8,i569,1
u8,i505,1
u8,i221,1
u8,i64,1
u8,i554,1
u8,i134,1
u8,i44,1
u8,i60,1
u8,i48,1
u8,i7,1
u8,i3,1
u8,i23,1
u8,i140,1
u8,i387,1
u8,i553,1
u8,i322,1
u8,i285,1
u8,i574,1
u8,i119,1
u8,i499,1
u8,i302,1
u8,i29,1
u8,i71,1
u8,i256,1
u8,i47,1
u8,i53,1
u8,i73,1
u8,i487,1
u8,i52,1
u8,i54,1
u8,i270,1
u8,i375,1
u8,i149,1
u8,i469,1
u8,i96,1
u8,i332,1
u8,i556,1
u8,i483,1
u8,i366,1
u8,i524,1
u8,i2,1
u8,i501,1
u8,i299,1
u8,i126,1
u8,i294,1
u8,i306,1
u8,i545,1
u8,i375,1
u8,i7,1
u8,i147,1
u8,i358,1
u8,i234,1
u8,i34,1
u8,i34,1
u8,i484,1
u8,i523,1
u8,i338,1
u8,i568,1
u8,i57,1
u8,i305,1
u8,i170,1
u8,i144,1
u8,i57,1
u8,i48,1
u8,i130,1
u8,i486,1
u8,i139,1
u8,i567,1
u8,i508,1
u8,i53,1
u8,i34,1
u8,i321,1
u8,i66,1
u8,i68,1
u8,i458,1
u8,i29,1
u8,i26,1
u8,i566,1
u8,i477,1
u8,i205,1
u8,i581,1
u8,i530,1
u8,i85,1
u8,i2,1
u8,i522,1
u8,i496,1
u8,i136,1
u8,i70,1
u8,i247,1
u8,i548,1
u8,i46,1
u8,i367,1
u8,i227,1
u8,i26,1
u8,i5,1
u8,i445,1
u8,i370,1
u8,i10,1
u8,i1,1
u8,i2,1
u8,i40,1
u8,i70,1
u8,i511,1
u8,i170,1
u8,i558,1
u8,i529,1
u8,i234,1
u8,i261,1
u8,i482,1
u8,i547,1
u8,i92,1
u8,i48,1
u8,i525,1
u8,i172,1
u8,i521,1
u8,i162,1
u8,i27,1
u8,i448,1
u8,i136,1
u8,i2,1
u8,i274,1
u8,i61,1
u8,i130,1
u8,i92,1
u8,i125,1
u8,i75,1
u8,i578,1
u8,i550,1
u8,i118,1
u8,i48,1
u8,i137,1
u8,i95,1
u8,i122,1
u8,i111,1
u8,i527,1
u8,i56,1
u8,i2,1
u8,i25,1
u8,i118,1
u8,i263,1
u8,i126,1
u8,i340,1
u8,i22,1
u8,i575,1
u8,i63,1
u8,i63,1
u8,i34,1
u8,i105,1
u8,i533,1
u8,i91,1
u8,i520,1
u8,i413,1
u8,i13,1
u8,i493,1
u8,i396,1
u8,i573,1
u8,i232,1
u8,i506,1
u8,i170,1
u8,i7,1
u8,i79,1
u8,i73,1
u8,i46,1
u8,i131,1
u8,i62,1
u8,i163,1
u8,i118,1
u8,i140,1
u8,i52,1
u8,i245,1
u8,i495,1
u8,i79,1
u8,i63,1
u8,i25,1
u8,i40,1
u8,i14,1
u8,i236,1
u8,i400,1
u8,i224,1
u8,i563,1
u8,i248,1
u8,i59,1
u8,i63,1
u8,i553,1
u8,i27,1
u8,i516,1
u8,i2,1
u8,i72,1
u8,i150,1
u8,i20,1
u8,i107,1
u8,i105,1
u8,i128,1
u8,i553,1
u8,i12,1
u8,i90,1
u8,i541,1
u8,i57,1
u8,i531,1
u8,i173,1
u8,i100,1
u8,i535,1
u8,i448,1
u8,i579,1
u8,i303,1
u8,i559,1
u8,i45,1
u8,i22,1
u8,i522,1
u8,i498,1
u8,i552,1
u8,i570,1
u8,i560,1
u8,i537,1
u8,i362,1
u8,i165,1
u8,i134,1
u8,i490,1
u8,i114,1
u8,i468,1
u8,i534,1
u8,i115,1
u8,i543,1
u8,i226,1
u8,i91,1
u8,i69,1
u9,i7,1
u9,i8,1
u10,i74,1
u10,i268,1
u10,i161,1
u10,i258,1
u10,i74,1
u11,i136,1
u12,i23,1
u12,i447,1
u12,i9,1
u12,i14,1
u12,i337,1
u12,i69,1
u12,i114,1
u12,i20,1
u12,i41,1
u12,i385,1
u12,i125,1
u12,i234,1
u12,i9,1
u12,i306,1
u12,i54,1
u12,i316,1
u12,i5,1
u12,i123,1
u12,i28,1
u12,i49,1
u12,i150,1
u12,i8,1
u12,i116,1
u12,i29,1
u12,i128,1
u12,i4,1
u12,i35,1
u12,i80,1
u12,i577,1
u12,i226,1
u12,i25,1
u12,i44,1
u12,i33,1
u12,i64,1
u12,i153,1
u12,i251,1
u12,i151,1
u12,i153,1
u12,i71,1
u12,i227,1
u12,i68,1
u12,i11,1
u12,i118,1
u12,i6,1
u12,i55,1
u12,i2,1
u12,i105,1
u12,i285,1
u12,i67,1
u12,i19,1
u12,i63,1
u12,i33,1
u12,i22,1
u12,i11,1
u12,i251,1
u12,i18,1
u12,i73,1
u12,i250,1
u12,i148,1
u12,i48,1
u12,i34,1
u13,i243,1
u14,i145,1
u14,i23,1
u14,i96,1
u14,i17,1
u14,i116,1
u14,i134,1
u14,i247,1
u14,i54,1
u14,i6,1
u14,i34,1
u14,i44,1
u14,i116,1
u14,i246,1
u14,i45,1
u14,i104,1
u15,i139,1
u15,i33,1
u15,i54,1
u16,i57,1
u16,i44,1
u16,i335,1
u16,i306,1
u16,i28,1
u16,i223,1
u16,i334,1
u16,i332,1
u16,i150,1
u16,i162,1
u16,i162,1
u16,i27,1
u16,i306,1
u16,i6,1
u16,i308,1
u16,i291,1
u16,i61,1
u16,i98,1
u16,i33,1
u16,i119,1
u16,i35,1
u16,i333,1
u16,i64,1
u16,i288,1
u17,i48,1
u17,i222,1
u17,i127,1
u17,i116,1
u17,i15,1
u17,i127,1
u17,i132,1
u17,i26,1
u17,i49,1
u17,i205,1
u18,i121,1
u18,i60,1
u18,i2,1
u18,i413,1
u18,i219,1
u18,i106,1
u19,i308,1
u19,i289,1
u19,i127,1
u19,i61,1
u19,i96,1
u19,i29,1
u19,i221,1
u19,i57,1
u19,i150,1
u19,i7,1
u19,i132,1
u19,i156,1
u19,i365,1
u19,i175,1
u19,i162,1
u19,i44,1
u19,i175,1
u19,i47,1
u19,i92,1
u19,i33,1
u19,i371,1
u19,i121,1
u19,i260,1
u19,i61,1
u19,i54,1
u19,i368,1
u19,i127,1
u19,i331,1
u19,i117,1
u19,i155,1
u19,i175,1
u19,i291,1
u19,i2,1
u19,i245,1
u19,i170,1
u19,i321,1
u19,i414,1
u19,i91,1
u19,i27,1
u19,i105,1
u19,i130,1
u19,i147,1
u19,i119,1
u19,i288,1
u19,i366,1
u19,i20,1
u19,i306,1
u19,i334,1
u19,i38,1
u19,i413,1
u19,i150,1
u19,i154,1
u19,i129,1
u19,i60,1
u19,i193,1
u19,i106,1
u19,i111,1
u19,i62,1
u19,i15,1
u19,i175,1
u19,i223,1
u19,i109,1
u19,i307,1
u19,i126,1
u19,i259,1
u19,i70,1
u19,i475,1
u19,i335,1
u19,i375,1
u19,i56,1
u19,i373,1
u19,i172,1
u19,i98,1
u19,i6,1
u19,i306,1
u19,i306,1
u19,i219,1
u19,i115,1
u19,i28,1
u19,i85,1
u19,i124,1
u19,i448,1
u19,i59,1
u19,i498,1
u19,i49,1
u19,i367,1
u19,i6,1
u19,i39,1
u19,i58,1
u19,i479,1
u19,i116,1
u20,i2,1
u20,i9,1
u20,i19,1
u21,i58,1
u21,i136,1
u21,i106,1
u21,i54,1
u21,i48,1
u21,i2,1
u21,i84,1
u21,i2,1
u21,i115,1
u21,i2,1
u22,i58,1
u22,i59,1
u23,i79,1
u24,i54,1
u24,i132,1
u24,i2,1
u24,i26,1
u24,i127,1
u24,i260,1
u24,i48,1
u24,i172,1
u24,i259,1
u24,i116,1
u24,i205,1
u24,i127,1
u24,i222,1
u25,i23,1
u25,i186,1
u25,i50,1
u25,i447,1
u25,i27,1
u25,i70,1
u25,i62,1
u25,i57,1
u25,i127,1
u25,i365,1
u25,i79,1
u25,i36,1
u25,i179,1
u25,i250,1
u25,i475,1
u25,i222,1
u25,i221,1
u25,i113,1
u25,i2,1
u25,i48,1
u25,i53,1
u25,i64,1
u25,i358,1
u25,i43,1
u25,i106,1
u25,i448,1
u25,i332,1
u25,i597,1
u25,i162,1
u25,i189,1
u25,i364,1
u25,i98,1
u25,i11,1
u25,i115,1
u25,i45,1
u25,i444,1
u25,i69,1
u25,i257,1
u25,i20,1
u25,i118,1
u25,i100,1
u25,i164,1
u25,i90,1
u25,i83,1
u25,i32,1
u25,i168,1
u25,i39,1
u25,i2,1
u25,i187,1
u25,i70,1
u25,i1,1
u25,i47,1
u25,i19,1
u25,i220,1
u25,i72,1
u25,i165,1
u25,i284,1
u25,i218,1
u25,i86,1
u25,i142,1
u25,i252,1
u25,i95,1
u25,i103,1
u25,i70,1
u25,i45,1
u25,i58,1
u25,i1,1
u25,i16,1
u25,i224,1
u25,i180,1
u25,i156,1
u25,i245,1
u25,i28,1
u25,i168,1
u25,i29,1
u25,i12,1
u25,i42,1
u25,i365,1
u25,i198,1
u25,i25,1
u25,i306,1
u25,i604,1
u25,i121,1
u25,i134,1
u25,i337,1
u25,i16,1
u25,i129,1
u25,i307,1
u25,i370,1
u25,i101,1
u25,i162,1
u25,i135,1
u25,i154,1
u25,i77,1
u25,i98,1
u25,i321,1
u25,i100,1
u25,i106,1
u25,i88,1
u25,i105,1
u25,i69,1
u25,i217,1
u25,i155,1
u25,i215,1
u25,i118,1
u25,i92,1
u25,i96,1
u25,i129,1
u25,i399,1
u25,i4,1
u25,i15,1
u25,i47,1
u25,i30,1
u25,i173,1
u25,i137,1
u25,i330,1
u25,i150,1
u25,i124,1
u25,i80,1
u25,i2,1
u25,i105,1
u25,i2,1
u25,i2,1
u25,i37,1
u25,i114,1
u25,i2,1
u25,i91,1
u25,i306,1
u25,i33,1
u25,i215,1
u25,i154,1
u25,i77,1
u25,i158,1
u25,i218,1
u25,i344,1
u25,i288,1
u25,i87,1
u25,i109,1
u25,i204,1
u25,i133,1
u25,i2,1
u25,i103,1
u25,i134,1
u25,i65,1
u25,i356,1
u25,i47,1
u25,i367,1
u25,i308,1
u25,i99,1
u25,i196,1
u25,i41,1
u25,i202,1
u25,i17,1
u25,i42,1
u25,i34,1
u25,i119,1
u25,i144,1
u25,i348,1
u25,i98,1
u25,i128,1
u25,i1,1
u25,i156,1
u25,i124,1
u25,i350,1
u25,i368,1
u25,i7,1
u25,i26,1
u25,i27,1
u25,i79,1
u25,i179,1
u25,i246,1
u25,i168,1
u25,i131,1
u25,i118,1
u25,i57,1
u25,i10,1
u25,i81,1
u25,i243,1
u25,i307,1
u25,i309,1
u25,i68,1
u25,i20,1
u25,i49,1
u25,i91,1
u25,i4,1
u25,i2,1
u25,i149,1
u25,i45,1
u25,i366,1
u25,i145,1
u25,i247,1
u25,i465,1
u25,i1,1
u25,i65,1
u25,i105,1
u25,i603,1
u25,i185,1
u25,i109,1
u25,i2,1
u25,i374,1
u25,i263,1
u25,i15,1
u25,i29,1
u25,i27,1
u25,i88,1
u25,i148,1
u25,i44,1
u25,i259,1
u25,i91,1
u25,i48,1
u25,i30,1
u25,i76,1
u25,i122,1
u25,i152,1
u25,i57,1
u25,i199,1
u25,i92,1
u25,i103,1
u25,i79,1
u25,i132,1
u25,i209,1
u25,i5,1
u25,i117,1
u25,i200,1
u25,i39,1
u25,i151,1
u25,i8,1
u25,i166,1
u25,i251,1
u25,i85,1
u25,i34,1
u25,i6,1
u25,i2,1
u25,i26,1
u25,i32,1
u25,i59,1
u25,i64,1
u25,i292,1
u25,i58,1
u25,i221,1
u25,i70,1
u25,i41,1
u25,i49,1
u25,i52,1
u25,i175,1
u25,i110,1
u25,i321,1
u25,i147,1
u25,i53,1
u25,i9,1
u25,i140,1
u25,i261,1
u25,i48,1
u25,i366,1
u25,i87,1
u25,i178,1
u25,i163,1
u25,i195,1
u25,i21,1
u25,i38,1
u25,i50,1
u25,i54,1
u25,i24,1
u25,i250,1
u25,i595,1
u25,i481,1
u25,i463,1
u25,i161,1
u25,i149,1
u25,i66,1
u25,i360,1
u25,i351,1
u25,i364,1
u25,i110,1
u25,i150,1
u25,i59,1
u25,i102,1
u25,i50,1
u25,i240,1
u25,i96,1
u25,i20,1
u25,i27,1
u25,i160,1
u25,i594,1
u25,i48,1
u25,i59,1
u25,i600,1
u25,i107,1
u25,i63,1
u25,i44,1
u25,i91,1
u25,i4,1
u25,i14,1
u25,i134,1
u25,i383,1
u25,i79,1
u25,i345,1
u25,i183,1
u25,i123,1
u25,i171,1
u25,i7,1
u25,i70,1
u25,i372,1
u25,i363,1
u25,i377,1
u25,i115,1
u25,i55,1
u25,i39,1
u25,i2,1
u25,i207,1
u25,i8,1
u25,i22,1
u25,i33,1
u25,i79,1
u25,i53,1
u25,i71,1
u25,i119,1
u25,i61,1
u25,i158,1
u25,i2,1
u25,i165,1
u25,i4,1
u25,i66,1
u25,i30,1
u25,i596,1
u25,i335,1
u25,i146,1
u25,i78,1
u25,i32,1
u25,i98,1
u25,i279,1
u25,i346,1
u25,i108,1
u25,i20,1
u25,i37,1
u25,i354,1
u25,i353,1
u25,i59,1
u25,i16,1
u25,i195,1
u25,i249,1
u25,i224,1
u25,i117,1
u25,i200,1
u25,i25,1
u25,i58,1
u25,i1,1
u25,i112,1
u25,i244,1
u25,i401,1
u25,i119,1
u25,i96,1
u25,i219,1
u25,i133,1
u25,i60,1
u25,i214,1
u25,i352,1
u25,i215,1
u25,i236,1
u25,i21,1
u25,i26,1
u25,i115,1
u25,i143,1
u25,i149,1
u25,i28,1
u25,i15,1
u25,i97,1
u25,i65,1
u25,i1,1
u25,i124,1
u25,i12,1
u25,i257,1
u25,i28,1
u25,i79,1
u25,i359,1
u25,i31,1
u25,i72,1
u25,i21,1
u25,i461,1
u25,i6,1
u25,i27,1
u25,i125,1
u25,i19,1
u25,i61,1
u25,i104,1
u25,i82,1
u25,i32,1
u25,i193,1
u25,i49,1
u25,i86,1
u25,i78,1
u25,i7,1
u25,i5,1
u25,i167,1
u25,i29,1
u25,i48,1
u25,i221,1
u25,i454,1
u25,i281,1
u25,i133,1
u25,i161,1
u25,i64,1
u25,i66,1
u25,i261,1
u25,i347,1
u25,i123,1
u25,i206,1
u25,i291,1
u25,i13,1
u25,i23,1
u25,i4,1
u25,i58,1
u25,i115,1
u25,i77,1
u25,i163,1
u25,i136,1
u25,i24,1
u25,i117,1
u25,i153,1
u25,i19,1
u25,i139,1
u25,i106,1
u25,i85,1
u25,i67,1
u25,i371,1
u25,i96,1
u25,i175,1
u25,i252,1
u25,i355,1
u25,i169,1
u25,i103,1
u25,i314,1
u25,i48,1
u25,i106,1
u25,i51,1
u25,i181,1
u25,i246,1
u25,i262,1
u25,i362,1
u25,i46,1
u25,i51,1
u25,i166,1
u25,i223,1
u25,i63,1
u25,i261,1
u25,i148,1
u25,i182,1
u25,i8,1
u25,i111,1
u25,i19,1
u25,i111,1
u25,i16,1
u25,i467,1
u25,i40,1
u25,i68,1
u25,i28,1
u25,i218,1
u25,i139,1
u25,i101,1
u25,i598,1
u25,i70,1
u25,i306,1
u25,i46,1
u25,i159,1
u25,i251,1
u25,i63,1
u25,i74,1
u25,i48,1
u25,i207,1
u25,i33,1
u25,i75,1
u25,i203,1
u25,i218,1
u25,i70,1
u25,i599,1
u25,i38,1
u25,i53,1
u25,i597,1
u25,i71,1
u25,i32,1
u25,i84,1
u25,i43,1
u25,i34,1
u25,i44,1
u25,i377,1
u25,i286,1
u25,i64,1
u25,i162,1
u25,i223,1
u25,i121,1
u25,i8,1
u25,i348,1
u25,i26,1
u25,i44,1
u25,i98,1
u25,i48,1
u25,i64,1
u25,i2,1
u25,i361,1
u25,i241,1
u25,i375,1
u25,i21,1
u25,i229,1
u25,i170,1
u25,i243,1
u25,i23,1
u25,i96,1
u25,i25,1
u25,i124,1
u25,i59,1
u25,i100,1
u25,i18,1
u25,i38,1
u25,i6,1
u25,i73,1
u25,i593,1
u25,i197,1
u25,i9,1
u25,i115,1
u25,i63,1
u25,i211,1
u25,i109,1
u25,i126,1
u26,i57,1
u26,i83,1
u26,i132,1
u26,i95,1
u26,i125,1
u26,i314,1
u26,i33,1
u26,i68,1
u26,i77,1
u26,i134,1
u26,i376,1
u26,i342,1
u26,i47,1
u26,i261,1
u26,i28,1
u26,i44,1
u26,i77,1
u26,i343,1
u26,i147,1
u26,i420,1
u26,i124,1
u26,i156,1
u26,i7,1
u26,i36,1
u26,i48,1
u26,i217,1
u26,i15,1
u26,i19,1
u26,i250,1
u26,i156,1
u26,i156,1
u26,i119,1
u26,i32,1
u26,i97,1
u26,i22,1
u26,i27,1
u26,i62,1
u26,i310,1
u26,i14,1
u26,i128,1
u26,i132,1
u26,i134,1
u26,i279,1
u26,i218,1
u26,i248,1
u26,i444,1
u26,i199,1
u26,i535,1
u26,i70,1
u26,i67,1
u26,i17,1
u26,i54,1
u26,i9,1
u26,i84,1
u26,i16,1
u26,i32,1
u26,i590,1
u26,i1,1
u26,i166,1
u26,i254,1
u26,i384,1
u26,i91,1
u26,i10,1
u26,i17,1
u26,i131,1
u26,i68,1
u26,i150,1
u26,i15,1
u26,i10,1
u26,i82,1
u26,i40,1
u26,i162,1
u26,i80,1
u26,i388,1
u26,i44,1
u26,i84,1
u26,i242,1
u26,i22,1
u26,i50,1
u26,i153,1
u26,i391,1
u26,i48,1
u26,i75,1
u26,i262,1
u26,i34,1
u26,i461,1
u26,i59,1
u26,i82,1
u26,i53,1
u26,i118,1
u26,i79,1
u26,i45,1
u26,i30,1
u26,i58,1
u26,i39,1
u26,i140,1
u26,i2,1
u26,i310,1
u26,i156,1
u26,i111,1
u26,i150,1
u26,i49,1
u26,i29,1
u26,i59,1
u26,i402,1
u26,i5,1
u26,i11,1
u26,i162,1
u26,i70,1
u26,i71,1
u26,i116,1
u26,i592,1
u26,i26,1
u26,i326,1
u26,i65,1
u26,i390,1
u26,i386,1
u26,i129,1
u26,i48,1
u26,i20,1
u26,i115,1
u26,i45,1
u26,i71,1
u26,i402,1
u26,i464,1
u26,i16,1
u26,i165,1
u26,i17,1
u26,i48,1
u26,i128,1
u26,i128,1
u26,i128,1
u26,i63,1
u26,i24,1
u26,i472,1
u26,i175,1
u26,i388,1
u26,i42,1
u26,i346,1
u26,i241,1
u26,i286,1
u26,i471,1
u26,i148,1
u26,i79,1
u26,i317,1
u26,i246,1
u26,i383,1
u26,i305,1
u26,i60,1
u26,i40,1
u26,i454,1
u26,i79,1
u26,i267,1
u26,i128,1
u26,i60,1
u26,i248,1
u26,i58,1
u26,i2,1
u26,i134,1
u26,i318,1
u26,i385,1
u26,i322,1
u26,i18,1
u26,i26,1
u26,i198,1
u26,i249,1
u26,i149,1
u26,i458,1
u26,i456,1
u26,i456,1
u26,i28,1
u26,i136,1
u26,i288,1
u26,i127,1
u26,i34,1
u26,i150,1
u26,i66,1
u26,i9,1
u26,i128,1
u26,i2,1
u26,i44,1
u26,i7,1
u26,i336,1
u26,i34,1
u26,i84,1
u26,i389,1
u26,i392,1
u26,i25,1
u26,i6,1
u26,i24,1
u26,i444,1
u26,i241,1
u26,i460,1
u26,i50,1
u26,i127,1
u26,i19,1
u26,i378,1
u26,i591,1
u26,i130,1
u26,i2,1
u26,i535,1
u26,i14,1
u26,i381,1
u26,i268,1
u26,i477,1
u26,i150,1
u26,i444,1
u26,i32,1
u26,i456,1
u26,i292,1
u26,i45,1
u26,i454,1
u26,i34,1
u26,i54,1
u26,i454,1
u26,i149,1
u26,i9,1
u26,i47,1
u26,i57,1
u26,i147,1
u26,i463,1
u26,i60,1
u26,i149,1
u26,i15,1
u26,i7,1
u26,i380,1
u26,i29,1
u26,i382,1
u26,i27,1
u26,i127,1
u26,i43,1
u26,i20,1
u26,i53,1
u26,i125,1
u26,i377,1
u26,i270,1
u26,i322,1
u26,i88,1
u26,i25,1
u26,i227,1
u26,i248,1
u26,i32,1
u26,i115,1
u26,i71,1
u26,i224,1
u26,i242,1
u26,i68,1
u26,i124,1
u26,i53,1
u26,i21,1
u26,i236,1
u26,i398,1
u27,i321,1
u27,i281,1
u27,i96,1
u27,i61,1
u27,i100,1
u27,i91,1
u27,i18,1
u27,i125,1
u27,i120,1
u27,i106,1
u27,i251,1
u27,i16,1
u27,i163,1
u27,i173,1
u27,i66,1
u27,i34,1
u27,i284,1
u27,i218,1
u27,i274,1
u27,i46,1
u27,i115,1
u27,i64,1
u27,i32,1
u27,i39,1
u27,i34,1
u27,i224,1
u27,i98,1
u27,i131,1
u27,i77,1
u27,i130,1
u27,i71,1
u27,i223,1
u27,i272,1
u27,i242,1
u27,i140,1
u27,i104,1
u27,i251,1
u27,i236,1
u27,i115,1
u28,i85,1
u28,i64,1
u28,i40,1
u28,i142,1
u28,i27,1
u29,i444,1
u29,i322,1
u29,i28,1
u29,i378,1
u29,i44,1
u29,i291,1
u29,i109,1
u29,i288,1
u29,i332,1
u29,i150,1
u29,i119,1
u29,i97,1
u29,i292,1
u29,i335,1
u29,i156,1
u29,i162,1
u29,i64,1
u29,i306,1
u29,i331,1
u29,i268,1
u29,i57,1
u29,i28,1
u29,i17,1
u29,i44,1
u29,i38,1
u29,i64,1
u29,i33,1
u29,i6,1
u29,i242,1
u29,i254,1
u29,i103,1
u29,i35,1
u30,i64,1
u30,i64,1
u30,i310,1
u30,i85,1
u30,i9,1
u31,i222,1
u31,i98,1
u31,i43,1
u31,i10,1
u31,i23,1
u31,i2,1
u31,i248,1
u31,i247,1
u31,i134,1
u31,i11,1
u31,i29,1
u31,i162,1
u31,i74,1
u31,i85,1
u31,i321,1
u31,i153,1
u31,i145,1
u31,i322,1
u31,i163,1
u31,i170,1
u31,i162,1
u31,i205,1
u32,i2,1
u33,i136,1
u34,i145,1
u35,i473,1
u35,i534,1
u35,i359,1
u35,i497,1
u35,i34,1
u35,i1,1
u35,i297,1
u35,i140,1
u35,i448,1
u35,i205,1
u35,i565,1
u35,i561,1
u35,i81,1
u35,i488,1
u35,i261,1
u35,i613,1
u35,i143,1
u35,i153,1
u35,i396,1
u35,i294,1
u35,i550,1
u35,i314,1
u35,i2,1
u35,i5,1
u35,i567,1
u35,i299,1
u35,i576,1
u35,i359,1
u35,i269,1
u35,i505,1
u35,i79,1
u35,i500,1
u35,i114,1
u35,i285,1
u35,i2,1
u35,i82,1
u35,i45,1
u35,i122,1
u35,i143,1
u35,i522,1
u35,i90,1
u35,i85,1
u35,i583,1
u35,i63,1
u35,i49,1
u35,i362,1
u35,i34,1
u35,i453,1
u35,i284,1
u35,i73,1
u35,i43,1
u35,i526,1
u35,i25,1
u35,i573,1
u35,i264,1
u35,i33,1
u35,i54,1
u35,i452,1
u35,i33,1
u35,i612,1
u35,i551,1
u35,i569,1
u35,i15,1
u35,i575,1
u35,i448,1
u35,i200,1
u35,i30,1
u35,i306,1
u35,i481,1
u35,i82,1
u35,i16,1
u35,i514,1
u35,i2,1
u35,i26,1
u35,i608,1
u35,i22,1
u35,i338,1
u35,i2,1
u35,i139,1
u35,i509,1
u35,i2,1
u35,i20,1
u35,i40,1
u35,i566,1
u35,i611,1
u35,i173,1
u35,i172,1
u35,i558,1
u35,i140,1
u35,i266,1
u35,i28,1
u35,i523,1
u35,i12,1
u35,i47,1
u35,i517,1
u35,i2,1
u35,i22,1
u35,i63,1
u35,i57,1
u35,i559,1
u35,i163,1
u35,i37,1
u35,i2,1
u35,i503,1
u35,i538,1
u35,i616,1
u35,i115,1
u35,i19,1
u35,i26,1
u35,i402,1
u35,i528,1
u35,i510,1
u35,i59,1
u35,i58,1
u35,i111,1
u35,i97,1
u35,i413,1
u35,i543,1
u35,i615,1
u35,i340,1
u35,i293,1
u35,i375,1
u35,i149,1
u35,i103,1
u35,i106,1
u35,i119,1
u35,i149,1
u35,i545,1
u35,i7,1
u35,i529,1
u35,i140,1
u35,i63,1
u35,i564,1
u35,i89,1
u35,i549,1
u35,i118,1
u35,i581,1
u35,i360,1
u35,i2,1
u35,i491,1
u35,i485,1
u35,i609,1
u35,i170,1
u35,i226,1
u35,i570,1
u35,i363,1
u35,i326,1
u35,i455,1
u35,i119,1
u35,i504,1
u35,i553,1
u35,i32,1
u35,i289,1
u35,i58,1
u35,i1,1
u35,i358,1
u35,i52,1
u35,i535,1
u35,i50,1
u35,i48,1
u35,i369,1
u35,i73,1
u35,i106,1
u35,i262,1
u35,i525,1
u35,i96,1
u35,i66,1
u35,i578,1
u35,i2,1
u35,i556,1
u35,i175,1
u35,i20,1
u35,i53,1
u35,i483,1
u35,i119,1
u35,i150,1
u35,i170,1
u35,i67,1
u35,i547,1
u35,i489,1
u35,i9,1
u35,i165,1
u35,i529,1
u35,i265,1
u35,i387,1
u35,i151,1
u35,i1,1
u35,i2,1
u35,i567,1
u35,i5,1
u35,i68,1
u35,i39,1
u35,i577,1
u35,i31,1
u35,i85,1
u35,i516,1
u35,i486,1
u35,i420,1
u35,i48,1
u35,i53,1
u35,i405,1
u35,i527,1
u35,i508,1
u35,i20,1
u35,i470,1
u35,i109,1
u35,i1,1
u35,i122,1
u35,i54,1
u35,i330,1
u35,i288,1
u35,i246,1
u35,i125,1
u35,i530,1
u35,i126,1
u35,i9,1
u35,i32,1
u35,i150,1
u35,i582,1
u35,i531,1
u35,i458,1
u35,i150,1
u35,i115,1
u35,i490,1
u35,i349,1
u35,i15,1
u35,i245,1
u35,i580,1
u35,i2,1
u35,i232,1
u35,i164,1
u35,i44,1
u35,i74,1
u35,i562,1
u35,i67,1
u35,i579,1
u35,i208,1
u35,i246,1
u35,i5,1
u35,i234,1
u35,i496,1
u35,i2,1
u35,i518,1
u35,i524,1
u35,i66,1
u35,i521,1
u35,i68,1
u35,i285,1
u35,i297,1
u35,i14,1
u35,i23,1
u35,i11,1
u35,i286,1
u35,i31,1
u35,i134,1
u35,i79,1
u35,i50,1
u35,i568,1
u35,i264,1
u35,i197,1
u35,i131,1
u35,i91,1
u35,i79,1
u35,i322,1
u35,i26,1
u35,i4,1
u35,i445,1
u35,i236,1
u35,i494,1
u35,i20,1
u35,i513,1
u35,i22,1
u35,i107,1
u35,i554,1
u35,i477,1
u35,i533,1
u35,i78,1
u35,i80,1
u35,i499,1
u35,i48,1
u35,i560,1
u35,i64,1
u35,i515,1
u35,i34,1
u35,i540,1
u35,i541,1
u35,i498,1
u35,i520,1
u35,i41,1
u35,i241,1
u35,i40,1
u35,i20,1
u35,i495,1
u35,i401,1
u35,i116,1
u35,i247,1
u35,i39,1
u35,i557,1
u35,i606,1
u35,i400,1
u35,i147,1
u35,i511,1
u35,i136,1
u35,i572,1
u35,i610,1
u35,i400,1
u36,i19,1
u36,i130,1
u36,i280,1
u36,i273,1
u36,i270,1
u36,i84,1
u36,i231,1
u36,i281,1
u36,i155,1
u36,i94,1
u36,i194,1
u36,i302,1
u36,i48,1
u36,i83,1
u36,i80,1
u36,i178,1
u36,i274,1
u36,i288,1
u36,i179,1
u37,i120,1
u37,i121,1
u37,i46,1
u37,i9,1
u37,i250,1
u38,i2,1
u40,i134,1
u41,i48,1
u42,i74,1
u42,i115,1
u42,i46,1
u42,i60,1
u42,i92,1
u42,i82,1
u42,i1,1
u42,i143,1
u42,i48,1
u42,i127,1
u42,i26,1
u42,i261,1
u42,i13,1
u42,i263,1
u42,i119,1
u43,i1,1
u43,i48,1
u43,i58,1
u43,i59,1
u44,i241,1
u45,i27,1
u45,i34,1
u46,i1,1
u46,i224,1
u46,i132,1
u46,i242,1
u46,i1,1
u47,i15,1
u47,i22,1
u47,i64,1
u47,i478,1
u47,i50,1
u47,i70,1
u47,i27,1
u47,i149,1
u47,i3,1
u47,i150,1
u47,i100,1
u47,i21,1
u47,i375,1
u47,i147,1
u47,i57,1
u47,i379,1
u47,i91,1
u47,i2,1
u47,i241,1
u47,i25,1
u47,i84,1
u47,i158,1
u47,i83,1
u47,i150,1
u47,i2,1
u47,i59,1
u47,i60,1
u47,i114,1
u47,i79,1
u47,i124,1
u47,i22,1
u47,i139,1
u47,i254,1
u47,i115,1
u47,i436,1
u47,i58,1
u47,i47,1
u47,i127,1
u47,i294,1
u47,i24,1
u47,i2,1
u47,i245,1
u48,i54,1
u48,i71,1
u48,i44,1
u48,i96,1
u48,i25,1
u48,i262,1
u48,i30,1
u48,i244,1
u48,i165,1
u48,i111,1
u48,i44,1
u48,i60,1
u48,i71,1
u48,i64,1
u48,i96,1
u48,i60,1
u48,i262,1
u48,i111,1
u48,i85,1
u48,i80,1
u49,i33,1
u49,i104,1
u49,i127,1
u49,i1,1
u49,i149,1
u49,i30,1
u49,i29,1
u49,i317,1
u49,i77,1
u49,i31,1
u49,i79,1
u49,i234,1
u49,i222,1
u49,i92,1
u49,i69,1
u49,i217,1
u49,i266,1
u49,i59,1
u49,i70,1
u49,i50,1
u49,i248,1
u49,i45,1
u49,i48,1
u49,i49,1
u49,i165,1
u49,i259,1
u49,i159,1
u49,i79,1
u49,i15,1
u49,i148,1
u49,i3,1
u49,i22,1
u49,i50,1
u49,i47,1
u49,i96,1
u49,i45,1
u49,i247,1
u49,i7,1
u49,i101,1
u49,i68,1
u49,i150,1
u49,i15,1
u49,i48,1
u49,i29,1
u49,i266,1
u49,i163,1
u49,i28,1
u49,i2,1
u49,i439,1
u49,i77,1
u49,i1,1
u49,i142,1
u49,i151,1
u49,i1,1
u49,i15,1
u49,i68,1
u49,i66,1
u49,i337,1
u49,i105,1
u49,i115,1
u49,i68,1
u49,i67,1
u49,i6,1
u49,i76,1
u49,i165,1
u49,i96,1
u49,i248,1
u49,i105,1
u49,i126,1
u49,i151,1
u49,i163,1
u49,i92,1
u49,i92,1
u49,i115,1
u49,i93,1
u49,i53,1
u49,i66,1
u49,i20,1
u49,i125,1
u49,i15,1
u49,i67,1
u49,i150,1
u49,i151,1
u49,i59,1
u49,i1,1
u49,i34,1
u49,i2,1
u49,i439,1
u49,i26,1
u49,i150,1
u49,i127,1
u49,i6,1
u49,i70,1
u49,i79,1
u49,i118,1
u49,i50,1
u49,i79,1
u49,i141,1
u49,i3,1
u49,i150,1
u49,i2,1
u49,i54,1
u49,i30,1
u49,i49,1
u49,i27,1
u49,i44,1
u49,i31,1
u50,i49,1
u51,i48,1
u51,i25,1
u51,i92,1
u51,i150,1
u51,i26,1
u51,i2,1
u51,i79,1
u51,i130,1
u51,i32,1
u51,i48,1
u51,i79,1
u51,i67,1
u51,i337,1
u51,i162,1
u51,i274,1
u51,i48,1
u51,i26,1
u51,i1,1
u52,i170,1
u52,i44,1
u52,i43,1
u52,i225,1
u52,i135,1
u52,i79,1
u52,i68,1
u52,i226,1
u52,i119,1
u52,i235,1
u52,i60,1
u52,i242,1
u52,i150,1
u52,i127,1
u52,i48,1
u52,i228,1
u52,i128,1
u52,i170,1
u52,i28,1
u52,i15,1
u52,i22,1
u52,i64,1
u52,i234,1
u52,i59,1
u52,i51,1
u52,i17,1
u52,i114,1
u52,i221,1
u54,i48,1
u54,i7,1
u54,i6,1
u54,i7,1
u54,i7,1
u54,i8,1
u54,i8,1
u54,i5,1
u55,i137,1
u56,i299,1
u56,i319,1
u56,i67,1
u56,i288,1
u56,i289,1
u56,i221,1
u56,i69,1
u56,i286,1
u56,i2,1
u56,i472,1
u56,i6,1
u56,i30,1
u56,i33,1
u56,i303,1
u56,i39,1
u56,i164,1
u56,i114,1
u56,i6,1
u56,i156,1
u56,i316,1
u56,i310,1
u57,i123,1
u57,i82,1
u57,i19,1
u57,i62,1
u57,i147,1
u57,i34,1
u57,i150,1
u57,i32,1
u57,i44,1
u57,i48,1
u59,i84,1
u60,i6,1
u61,i48,1
u62,i2,1
u62,i2,1
u62,i52,1
u63,i33,1
u63,i58,1
u63,i6,1
u64,i134,1
u65,i34,1
u66,i98,1
u66,i58,1
u66,i66,1
u67,i47,1
u68,i180,1
u69,i178,1
u69,i127,1
u69,i32,1
u69,i26,1
u69,i260,1
u69,i77,1
u69,i36,1
u69,i84,1
u69,i147,1
u69,i275,1
u69,i73,1
u69,i47,1
u69,i151,1
u69,i133,1
u69,i58,1
u69,i20,1
u69,i33,1
u69,i226,1
u69,i59,1
u69,i156,1
u69,i44,1
u69,i48,1
u69,i242,1
u69,i101,1
u69,i77,1
u69,i262,1
u69,i19,1
u69,i37,1
u69,i48,1
u69,i79,1
u69,i134,1
u69,i296,1
u69,i293,1
u69,i119,1
u69,i76,1
u69,i75,1
u69,i35,1
u69,i140,1
u69,i7,1
u69,i299,1
u69,i298,1
u69,i218,1
u69,i61,1
u69,i295,1
u69,i59,1
u69,i294,1
u69,i276,1
u69,i1,1
u69,i291,1
u69,i34,1
u69,i119,1
u69,i292,1
u69,i14,1
u69,i40,1
u69,i3,1
u69,i165,1
u69,i273,1
u69,i101,1
u69,i279,1
u69,i297,1
u69,i84,1
u69,i115,1
u69,i85,1
u69,i130,1
u69,i83,1
u69,i1,1
u69,i240,1
u69,i302,1
u69,i15,1
u69,i256,1
u69,i59,1
u69,i53,1
u69,i111,1
u69,i58,1
u69,i41,1
u69,i59,1
u69,i92,1
u69,i153,1
u69,i108,1
u69,i58,1
u70,i48,1
u71,i476,1
u71,i34,1
u73,i139,1
u74,i34,1
u75,i452,1
u75,i71,1
u75,i59,1
u75,i139,1
u75,i130,1
u75,i344,1
u75,i289,1
u75,i403,1
u75,i429,1
u75,i36,1
u75,i21,1
u75,i416,1
u75,i49,1
u75,i131,1
u75,i204,1
u75,i439,1
u75,i221,1
u75,i383,1
u75,i449,1
u75,i52,1
u75,i59,1
u75,i71,1
u75,i382,1
u75,i56,1
u75,i115,1
u75,i412,1
u75,i413,1
u75,i432,1
u75,i255,1
u75,i423,1
u75,i365,1
u75,i316,1
u75,i79,1
u75,i26,1
u75,i443,1
u75,i163,1
u75,i207,1
u75,i116,1
u75,i216,1
u75,i64,1
u75,i61,1
u75,i47,1
u75,i117,1
u75,i319,1
u75,i221,1
u75,i114,1
u75,i415,1
u75,i448,1
u75,i164,1
u75,i191,1
u75,i383,1
u75,i142,1
u75,i326,1
u75,i414,1
u75,i147,1
u75,i451,1
u75,i37,1
u75,i433,1
u75,i259,1
u75,i417,1
u75,i76,1
u75,i325,1
u75,i434,1
u75,i89,1
u75,i91,1
u75,i170,1
u75,i411,1
u75,i115,1
u75,i410,1
u75,i59,1
u75,i52,1
u75,i109,1
u75,i400,1
u75,i5,1
u75,i368,1
u75,i126,1
u75,i418,1
u75,i286,1
u75,i122,1
u75,i127,1
u75,i251,1
u75,i16,1
u75,i71,1
u75,i126,1
u75,i2,1
u75,i43,1
u75,i169,1
u75,i184,1
u75,i67,1
u75,i59,1
u75,i176,1
u75,i44,1
u75,i195,1
u75,i7,1
u75,i69,1
u75,i451,1
u75,i95,1
u75,i4,1
u75,i1,1
u75,i122,1
u75,i303,1
u75,i447,1
u75,i122,1
u75,i63,1
u75,i50,1
u75,i365,1
u75,i248,1
u75,i68,1
u75,i37,1
u75,i438,1
u75,i450,1
u75,i170,1
u75,i60,1
u75,i125,1
u75,i443,1
u75,i305,1
u75,i36,1
u75,i9,1
u75,i290,1
u75,i449,1
u75,i421,1
u75,i305,1
u75,i440,1
u75,i419,1
u75,i19,1
u75,i215,1
u75,i26,1
u75,i429,1
u75,i117,1
u75,i219,1
u75,i445,1
u75,i198,1
u75,i411,1
u75,i165,1
u75,i77,1
u75,i32,1
u75,i80,1
u75,i164,1
u75,i34,1
u75,i200,1
u75,i264,1
u75,i50,1
u75,i444,1
u75,i224,1
u75,i264,1
u75,i294,1
u75,i307,1
u75,i204,1
u75,i306,1
u75,i442,1
u75,i164,1
u75,i58,1
u75,i365,1
u75,i132,1
u75,i15,1
u75,i448,1
u75,i47,1
u75,i262,1
u75,i375,1
u75,i109,1
u75,i165,1
u75,i78,1
u75,i224,1
u75,i420,1
u75,i256,1
u75,i310,1
u75,i53,1
u75,i223,1
u75,i22,1
u75,i450,1
u75,i261,1
u75,i245,1
u75,i52,1
u75,i227,1
u75,i9,1
u75,i66,1
u75,i34,1
u75,i42,1
u75,i2,1
u75,i46,1
u75,i218,1
u75,i424,1
u75,i103,1
u75,i382,1
u75,i127,1
u75,i22,1
u75,i416,1
u75,i431,1
u75,i48,1
u75,i219,1
u75,i307,1
u75,i132,1
u75,i436,1
u75,i440,1
u75,i33,1
u75,i288,1
u75,i426,1
u75,i131,1
u75,i299,1
u75,i327,1
u75,i468,1
u75,i400,1
u75,i79,1
u75,i74,1
u75,i255,1
u75,i175,1
u75,i191,1
u75,i84,1
u75,i38,1
u75,i422,1
u75,i231,1
u75,i134,1
u75,i437,1
u75,i316,1
u75,i431,1
u75,i52,1
u75,i3,1
u75,i73,1
u75,i84,1
u75,i413,1
u75,i406,1
u75,i151,1
u75,i441,1
u75,i130,1
u75,i260,1
u75,i397,1
u75,i424,1
u75,i62,1
u75,i415,1
u75,i231,1
u75,i367,1
u75,i70,1
u75,i7,1
u75,i427,1
u75,i434,1
u75,i308,1
u75,i169,1
u76,i136,1
u77,i321,1
u77,i70,1
u77,i172,1
u77,i301,1
u77,i161,1
u77,i162,1
u77,i251,1
u77,i227,1
u77,i79,1
u77,i134,1
u77,i97,1
u77,i66,1
u77,i68,1
u77,i341,1
u77,i240,1
u77,i97,1
u77,i81,1
u77,i342,1
u77,i32,1
u77,i250,1
u77,i205,1
u77,i220,1
u77,i339,1
u77,i68,1
u77,i193,1
u77,i27,1
u77,i26,1
u77,i4,1
u77,i73,1
u77,i125,1
u77,i46,1
u77,i163,1
u78,i127,1
u79,i241,1
u80,i47,1
u80,i48,1
u80,i337,1
u80,i26,1
u80,i148,1
u81,i308,1
u83,i150,1
u84,i26,1
u84,i47,1
u84,i48,1
u86,i251,1
u87,i36,1
u87,i118,1
u88,i344,1
u88,i170,1
u88,i163,1
u88,i74,1
u88,i162,1
u88,i504,1
u88,i118,1
u88,i618,1
u88,i533,1
u88,i624,1
u88,i346,1
u88,i520,1
u88,i7,1
u88,i62,1
u88,i71,1
u88,i43,1
u88,i10,1
u88,i313,1
u88,i114,1
u88,i91,1
u88,i509,1
u88,i588,1
u88,i222,1
u88,i132,1
u88,i141,1
u88,i325,1
u88,i126,1
u88,i447,1
u88,i420,1
u88,i9,1
u88,i109,1
u88,i165,1
u88,i124,1
u88,i623,1
u88,i423,1
u88,i150,1
u88,i248,1
u88,i432,1
u88,i37,1
u88,i48,1
u88,i115,1
u88,i2,1
u88,i215,1
u88,i218,1
u88,i61,1
u89,i175,1
u90,i219,1
u90,i134,1
u90,i254,1
u90,i226,1
u90,i193,1
u90,i255,1
u90,i253,1
u90,i256,1
u91,i50,1
u91,i308,1
u91,i50,1
u92,i15,1
u92,i27,1
u93,i48,1
u94,i79,1
u95,i59,1
u95,i58,1
u96,i2,1
u96,i2,1
u96,i2,1
u97,i115,1
u97,i454,1
u97,i113,1
u97,i12,1
u97,i2,1
u97,i31,1
u97,i150,1
u97,i237,1
u97,i155,1
u97,i119,1
u97,i84,1
u97,i40,1
u97,i266,1
u97,i250,1
u97,i76,1
u97,i376,1
u97,i20,1
u97,i125,1
u97,i127,1
u97,i218,1
u97,i259,1
u97,i8,1
u97,i55,1
u97,i440,1
