i161,1,u107
i161,1,u115
i204,1,u170
i161,1,u196
i91,1,u446
i106,1,u149
i29,1,u50
i106,1,u198
i237,1,u131
i119,1,u127
i37,1,u49
i106,1,u228
i95,1,u217
i168,1,u128
i69,1,u52
i136,1,u217
i104,1,u58
i120,1,u127
i245,1,u162
i202,1,u77
i35,1,u69
i168,1,u171
i69,1,u235
i100,1,u117
i161,1,u64
i202,1,u483
i193,1,u418
i182,1,u38
i215,1,u85
i52,1,u130
i232,1,u226
i164,1,u142
i215,1,u104
i204,1,u131
i6,1,u175
i136,1,u167
i69,1,u306
i62,1,u577
i193,1,u98
i62,1,u169
i37,1,u183
i35,1,u52
i106,1,u61
i69,1,u108
i93,1,u57
i237,1,u79
i93,1,u50
i204,1,u50
i53,1,u217
i103,1,u432
i174,1,u61
i230,1,u214
i5,1,u47
i69,1,u78
i5,1,u222
i120,1,u88
i62,1,u574
i136,1,u124
i202,1,u202
i5,1,u238
i136,1,u43
i168,1,u196
i106,1,u272
i179,1,u311
i117,1,u169
i37,1,u132
i215,1,u51
i193,1,u272
i237,1,u170
i204,1,u54
i5,1,u72
i193,1,u126
i37,1,u645
i72,1,u181
i193,1,u332
i37,1,u188
i62,1,u251
i106,1,u107
i37,1,u663
i62,1,u266
i37,1,u54
i202,1,u227
i120,1,u248
i94,1,u484
i106,1,u72
i172,1,u295
i204,1,u107
i136,1,u252
i62,1,u610
i194,1,u50
i106,1,u93
i35,1,u157
i106,1,u107
i35,1,u38
i69,1,u70
i93,1,u49
i202,1,u67
i62,1,u354
i62,1,u121
i136,1,u246
i202,1,u196
i37,1,u127
i232,1,u432
i37,1,u46
i204,1,u133
i168,1,u74
i37,1,u121
i139,1,u585
i5,1,u70
i37,1,u93
i62,1,u236
i135,1,u556
i97,1,u46
i121,1,u131
i93,1,u41
i179,1,u501
i106,1,u54
i72,1,u326
i93,1,u122
i136,1,u50
i149,1,u58
i71,1,u454
i37,1,u696
i37,1,u82
i69,1,u284
i202,1,u77
i139,1,u426
i202,1,u271
i237,1,u125
i37,1,u61
i202,1,u167
i161,1,u173
i202,1,u552
i37,1,u121
i232,1,u103
i82,1,u405
i237,1,u549
i193,1,u55
i202,1,u149
i245,1,u280
i5,1,u314
i193,1,u58
i37,1,u449
i194,1,u119
i37,1,u608
i194,1,u3
i204,1,u59
i104,1,u248
i38,1,u127
i5,1,u372
i37,1,u52
i193,1,u49
i194,1,u43
i5,1,u334
i72,1,u610
i202,1,u338
i168,1,u73
i37,1,u60
i149,1,u282
i50,1,u80
i168,1,u140
i5,1,u213
i135,1,u217
i229,1,u58
i136,1,u231
i5,1,u153
i5,1,u221
i93,1,u3
i215,1,u51
i202,1,u65
i37,1,u125
i204,1,u127
i204,1,u78
i202,1,u173
i120,1,u153
i202,1,u43
i194,1,u97
i179,1,u62
i168,1,u507
i93,1,u50
i117,1,u169
i69,1,u189
i106,1,u50
i72,1,u60
i5,1,u133
i62,1,u446
i215,1,u201
i5,1,u516
i121,1,u432
i215,1,u262
i106,1,u159
i100,1,u202
i5,1,u361
i52,1,u130
i103,1,u50
i215,1,u54
i52,1,u46
i238,1,u123
i5,1,u137
i37,1,u148
i62,1,u180
i136,1,u58
i93,1,u50
i204,1,u123
i202,1,u104
i193,1,u556
i202,1,u138
i100,1,u50
i136,1,u163
i141,1,u137
i194,1,u215
i168,1,u614
i194,1,u3
i69,1,u152
i69,1,u3
i106,1,u115
i29,1,u66
i91,1,u44
i69,1,u127
i35,1,u146
i148,1,u66
i200,1,u130
i119,1,u295
i179,1,u565
i5,1,u78
i161,1,u131
i136,1,u108
i69,1,u127
i238,1,u66
i204,1,u79
i6,1,u172
i71,1,u54
i237,1,u117
i245,1,u210
i204,1,u415
i202,1,u335
i91,1,u446
i106,1,u117
i37,1,u146
i161,1,u519
i204,1,u78
i136,1,u56
i215,1,u67
i179,1,u526
i136,1,u264
i136,1,u230
i35,1,u174
i204,1,u267
i5,1,u127
i5,1,u122
i37,1,u100
i106,1,u54
i193,1,u51
i33,1,u201
i69,1,u130
i28,1,u46
i62,1,u620
i245,1,u539
i161,1,u125
i69,1,u95
i100,1,u60
i136,1,u250
i62,1,u184
i37,1,u43
i172,1,u325
i202,1,u398
i202,1,u401
i62,1,u472
i215,1,u43
i238,1,u544
i37,1,u172
i193,1,u87
i106,1,u127
i5,1,u206
i182,1,u192
i5,1,u43
i107,1,u227
i193,1,u413
i119,1,u433
i232,1,u355
i5,1,u57
i157,1,u469
i37,1,u58
i106,1,u96
i141,1,u131
i35,1,u61
i237,1,u713
i37,1,u355
i204,1,u42
i35,1,u85
i136,1,u109
i200,1,u39
i33,1,u99
i106,1,u111
i136,1,u91
i193,1,u587
i91,1,u52
i50,1,u56
i69,1,u50
i236,1,u149
i245,1,u236
i193,1,u384
i37,1,u57
i202,1,u375
i66,1,u127
i161,1,u125
i237,1,u723
i62,1,u45
i37,1,u135
i5,1,u187
i5,1,u243
i232,1,u454
i204,1,u74
i136,1,u519
i251,1,u47
i202,1,u272
i204,1,u55
i204,1,u206
i202,1,u262
i62,1,u211
i204,1,u127
i66,1,u58
i106,1,u134
i37,1,u314
i5,1,u97
i204,1,u49
i82,1,u512
i91,1,u126
i204,1,u100
i204,1,u75
i69,1,u143
i35,1,u38
i5,1,u73
i164,1,u103
i5,1,u95
i69,1,u44
i202,1,u115
i5,1,u123
i106,1,u172
i37,1,u448
i202,1,u292
i232,1,u226
i172,1,u180
i161,1,u138
i179,1,u570
i136,1,u158
i37,1,u107
i35,1,u43
i172,1,u197
i237,1,u180
i232,1,u516
i136,1,u226
i136,1,u216
i168,1,u543
i113,1,u58
i164,1,u214
i204,1,u127
i237,1,u159
i93,1,u157
i121,1,u50
i200,1,u214
i37,1,u453
i204,1,u51
i238,1,u94
i202,1,u200
i194,1,u432
i5,1,u58
i119,1,u50
i69,1,u172
i136,1,u215
i215,1,u126
i62,1,u100
i37,1,u54
i5,1,u46
i194,1,u119
i179,1,u574
i5,1,u77
i37,1,u549
i37,1,u562
i161,1,u132
i35,1,u129
i161,1,u98
i204,1,u127
i149,1,u127
i215,1,u168
i95,1,u314
i215,1,u139
i202,1,u153
i106,1,u153
i28,1,u214
i106,1,u262
i193,1,u262
i233,1,u512
i37,1,u66
i106,1,u112
i162,1,u157
i159,1,u227
i202,1,u421
i62,1,u79
i237,1,u645
i100,1,u623
i215,1,u272
i193,1,u439
i174,1,u50
i35,1,u516
i282,1,u207
i106,1,u94
i161,1,u46
i215,1,u50
i62,1,u633
i129,1,u238
i204,1,u97
i69,1,u126
i62,1,u69
i161,1,u3
i106,1,u131
i5,1,u38
i69,1,u122
i62,1,u210
i106,1,u270
i215,1,u93
i202,1,u55
i120,1,u325
i202,1,u388
i215,1,u96
i204,1,u131
i5,1,u185
i204,1,u111
i5,1,u272
i220,1,u96
i5,1,u426
i202,1,u202
i5,1,u236
i168,1,u74
i72,1,u43
i37,1,u674
i238,1,u162
i62,1,u139
i215,1,u324
i5,1,u42
i194,1,u39
i5,1,u49
i204,1,u60
i238,1,u148
i237,1,u211
i237,1,u126
i168,1,u529
i238,1,u118
i204,1,u96
i69,1,u3
i23,1,u172
i93,1,u157
i100,1,u74
i37,1,u220
i41,1,u130
i106,1,u79
i237,1,u157
i117,1,u449
i5,1,u146
i237,1,u52
i202,1,u265
i35,1,u270
i220,1,u79
i161,1,u50
i5,1,u50
i69,1,u296
i202,1,u434
i35,1,u123
i69,1,u52
i66,1,u217
i93,1,u122
i5,1,u40
i106,1,u118
i35,1,u93
i69,1,u320
i202,1,u167
i95,1,u53
i97,1,u44
i37,1,u281
i100,1,u64
i202,1,u125
i215,1,u88
i106,1,u139
i135,1,u585
i204,1,u145
i106,1,u107
i119,1,u531
i182,1,u47
i5,1,u96
i204,1,u270
i50,1,u56
i136,1,u132
i62,1,u555
i69,1,u308
i238,1,u82
i168,1,u635
i149,1,u248
i37,1,u122
i237,1,u78
i218,1,u202
i168,1,u319
i14,1,u130
i193,1,u60
i193,1,u153
i204,1,u123
i204,1,u44
i5,1,u126
i106,1,u61
i164,1,u157
i106,1,u143
i62,1,u212
i193,1,u244
i182,1,u84
i202,1,u110
i5,1,u149
i129,1,u84
i161,1,u132
i103,1,u127
i106,1,u206
i168,1,u411
i119,1,u666
i69,1,u297
i5,1,u75
i179,1,u666
i136,1,u179
i194,1,u215
i95,1,u473
i193,1,u43
i220,1,u117
i204,1,u126
i193,1,u409
i204,1,u191
i168,1,u109
i106,1,u129
i5,1,u531
i200,1,u97
i93,1,u125
i97,1,u49
i193,1,u60
i139,1,u556
i164,1,u159
i119,1,u242
i5,1,u95
i106,1,u85
i161,1,u214
i135,1,u141
i37,1,u544
i37,1,u60
i86,1,u130
i135,1,u295
i62,1,u154
i35,1,u183
i37,1,u50
i5,1,u235
i37,1,u454
i37,1,u40
i215,1,u47
i50,1,u3
i5,1,u249
i69,1,u531
i93,1,u48
i37,1,u608
i232,1,u264
i69,1,u446
i136,1,u79
i204,1,u97
i37,1,u55
i119,1,u110
i202,1,u454
i5,1,u98
i82,1,u653
i136,1,u94
i106,1,u69
i33,1,u50
i104,1,u88
i37,1,u521
i136,1,u105
i164,1,u142
i41,1,u46
i193,1,u167
i106,1,u132
i202,1,u170
i202,1,u44
i69,1,u50
i202,1,u125
i93,1,u43
i37,1,u708
i5,1,u323
i136,1,u98
i204,1,u128
i202,1,u427
i202,1,u337
i179,1,u502
i193,1,u75
i135,1,u54
i193,1,u78
i121,1,u38
i194,1,u119
i204,1,u166
i151,1,u43
i95,1,u585
i69,1,u723
i69,1,u41
i204,1,u173
i5,1,u65
i204,1,u107
i5,1,u3
i37,1,u66
i174,1,u81
i168,1,u201
i138,1,u117
i202,1,u43
i100,1,u50
i69,1,u415
i149,1,u88
i202,1,u197
i62,1,u375
i69,1,u128
i204,1,u59
i136,1,u199
i69,1,u123
i237,1,u59
i121,1,u125
i62,1,u53
i204,1,u58
i202,1,u170
i100,1,u51
i106,1,u144
i172,1,u315
i5,1,u125
i62,1,u519
i193,1,u415
i37,1,u100
i93,1,u79
i194,1,u445
i193,1,u74
i168,1,u183
i202,1,u280
i245,1,u222
i93,1,u415
i97,1,u145
i62,1,u150
i232,1,u206
i238,1,u67
i204,1,u516
i117,1,u304
i194,1,u78
i204,1,u170
i69,1,u132
i193,1,u281
i37,1,u148
i168,1,u64
i215,1,u81
i62,1,u184
i119,1,u280
i100,1,u167
i69,1,u157
i97,1,u47
i193,1,u96
i69,1,u126
i164,1,u157
i193,1,u422
i106,1,u104
i69,1,u125
i193,1,u50
i103,1,u125
i62,1,u155
i202,1,u56
i62,1,u130
i204,1,u47
i37,1,u118
i69,1,u50
i204,1,u79
i204,1,u107
i161,1,u50
i37,1,u148
i175,1,u214
i193,1,u143
i194,1,u215
i104,1,u217
i118,1,u192
i37,1,u118
i139,1,u217
i204,1,u127
i93,1,u41
i37,1,u354
i193,1,u274
i19,1,u415
i5,1,u428
i106,1,u124
i135,1,u314
i69,1,u70
i5,1,u173
i107,1,u227
i113,1,u216
i5,1,u97
i100,1,u60
i136,1,u170
i237,1,u43
i164,1,u103
i5,1,u56
i5,1,u100
i106,1,u47
i172,1,u277
i179,1,u703
i193,1,u111
i5,1,u371
i161,1,u217
i202,1,u335
i149,1,u214
i35,1,u130
i174,1,u43
i37,1,u82
i238,1,u148
i119,1,u40
i37,1,u63
i113,1,u43
i193,1,u427
i233,1,u64
i215,1,u523
i106,1,u47
i149,1,u88
i37,1,u140
i37,1,u67
i106,1,u97
i204,1,u148
i193,1,u128
i35,1,u516
i33,1,u516
i161,1,u66
i149,1,u248
i237,1,u134
i136,1,u213
i66,1,u248
i69,1,u153
i93,1,u77
i204,1,u50
i69,1,u320
i135,1,u473
i62,1,u230
i72,1,u60
i215,1,u523
i136,1,u114
i62,1,u134
i118,1,u143
i62,1,u334
i202,1,u49
i237,1,u415
i136,1,u135
i136,1,u41
i251,1,u48
i37,1,u170
i95,1,u556
i120,1,u217
i202,1,u385
i37,1,u551
i204,1,u267
i204,1,u43
i233,1,u653
i69,1,u50
i104,1,u127
i106,1,u130
i164,1,u159
i37,1,u58
i193,1,u263
i82,1,u155
i91,1,u52
i195,1,u432
i202,1,u81
i62,1,u66
i245,1,u170
i136,1,u39
i37,1,u172
i202,1,u360
i193,1,u74
i71,1,u217
i104,1,u214
i204,1,u78
i204,1,u96
i161,1,u97
i37,1,u47
i100,1,u267
i113,1,u51
i238,1,u118
i86,1,u214
i50,1,u172
i86,1,u130
i202,1,u233
i204,1,u42
i215,1,u98
i204,1,u42
i50,1,u121
i194,1,u78
i121,1,u57
i69,1,u294
i86,1,u127
i37,1,u50
i204,1,u173
i62,1,u207
i193,1,u347
i135,1,u426
i37,1,u415
i204,1,u50
i37,1,u457
i106,1,u101
i51,1,u130
i200,1,u127
i106,1,u47
i193,1,u397
i50,1,u38
i140,1,u46
i204,1,u153
i136,1,u134
i35,1,u143
i37,1,u94
i202,1,u231
i161,1,u137
i230,1,u88
i62,1,u243
i37,1,u120
i179,1,u685
i168,1,u49
i237,1,u54
i193,1,u390
i5,1,u163
i204,1,u60
i161,1,u55
i215,1,u56
i204,1,u50
i204,1,u54
i100,1,u406
i238,1,u338
i5,1,u219
i161,1,u79
i19,1,u157
i106,1,u178
i202,1,u51
i35,1,u103
i69,1,u149
i168,1,u174
i202,1,u338
i37,1,u432
i106,1,u107
i193,1,u172
i69,1,u44
i204,1,u123
i202,1,u291
i204,1,u67
i106,1,u70
i139,1,u631
i202,1,u330
i138,1,u118
i106,1,u227
i202,1,u422
i72,1,u580
i120,1,u180
i37,1,u355
i193,1,u172
i202,1,u230
i106,1,u64
i35,1,u98
i106,1,u126
i37,1,u67
i35,1,u165
i72,1,u74
i202,1,u42
i237,1,u148
i106,1,u95
i69,1,u44
i193,1,u272
i62,1,u203
i233,1,u538
i62,1,u603
i215,1,u75
i202,1,u482
i202,1,u168
i202,1,u216
i35,1,u73
i202,1,u56
i193,1,u75
i204,1,u427
i41,1,u130
i118,1,u397
i245,1,u77
i121,1,u40
i82,1,u432
i69,1,u75
i106,1,u44
i37,1,u188
i5,1,u48
i238,1,u60
i106,1,u60
i193,1,u403
i206,1,u114
i93,1,u122
i129,1,u49
i37,1,u695
i37,1,u173
i136,1,u110
i193,1,u54
i233,1,u60
i62,1,u442
i37,1,u127
i37,1,u66
i37,1,u66
i37,1,u104
i6,1,u140
i161,1,u39
i69,1,u41
i136,1,u85
i136,1,u214
i33,1,u63
i202,1,u627
i93,1,u127
i245,1,u215
i193,1,u148
i238,1,u38
i35,1,u109
i106,1,u148
i119,1,u145
i120,1,u174
i71,1,u585
i204,1,u272
i136,1,u102
i100,1,u140
i140,1,u47
i193,1,u147
i93,1,u432
i51,1,u130
i5,1,u112
i37,1,u162
i93,1,u194
i233,1,u723
i97,1,u104
i100,1,u275
i113,1,u63
