u3,i194,1
u3,i93,1
u3,i194,1
u3,i69,1
u3,i161,1
u3,i69,1
u3,i50,1
u3,i5,1
u38,i182,1
u38,i35,1
u38,i35,1
u38,i5,1
u38,i121,1
u38,i50,1
u38,i238,1
u39,i200,1
u39,i194,1
u39,i136,1
u39,i161,1
u40,i5,1
u40,i37,1
u40,i119,1
u40,i121,1
u41,i93,1
u41,i69,1
u41,i93,1
u41,i136,1
u41,i69,1
u42,i204,1
u42,i5,1
u42,i204,1
u42,i204,1
u42,i202,1
u43,i136,1
u43,i194,1
u43,i202,1
u43,i37,1
u43,i215,1
u43,i5,1
u43,i35,1
u43,i72,1
u43,i193,1
u43,i93,1
u43,i151,1
u43,i202,1
u43,i237,1
u43,i174,1
u43,i113,1
u43,i204,1
u44,i91,1
u44,i69,1
u44,i97,1
u44,i204,1
u44,i202,1
u44,i69,1
u44,i69,1
u44,i106,1
u45,i62,1
u46,i37,1
u46,i97,1
u46,i52,1
u46,i28,1
u46,i5,1
u46,i161,1
u46,i41,1
u46,i140,1
u47,i5,1
u47,i251,1
u47,i182,1
u47,i215,1
u47,i97,1
u47,i204,1
u47,i106,1
u47,i106,1
u47,i37,1
u47,i106,1
u47,i140,1
u48,i93,1
u48,i251,1
u48,i5,1
u49,i37,1
u49,i93,1
u49,i193,1
u49,i204,1
u49,i5,1
u49,i97,1
u49,i202,1
u49,i168,1
u49,i129,1
u50,i29,1
u50,i93,1
u50,i204,1
u50,i194,1
u50,i136,1
u50,i93,1
u50,i106,1
u50,i103,1
u50,i93,1
u50,i100,1
u50,i69,1
u50,i121,1
u50,i119,1
u50,i174,1
u50,i215,1
u50,i161,1
u50,i5,1
u50,i37,1
u50,i33,1
u50,i69,1
u50,i100,1
u50,i193,1
u50,i69,1
u50,i161,1
u50,i204,1
u50,i69,1
u50,i37,1
u50,i204,1
u50,i204,1
u51,i215,1
u51,i215,1
u51,i193,1
u51,i204,1
u51,i100,1
u51,i113,1
u51,i202,1
u52,i69,1
u52,i35,1
u52,i37,1
u52,i91,1
u52,i237,1
u52,i69,1
u52,i91,1
u53,i95,1
u53,i62,1
u54,i204,1
u54,i37,1
u54,i106,1
u54,i215,1
u54,i71,1
u54,i106,1
u54,i37,1
u54,i135,1
u54,i237,1
u54,i204,1
u54,i193,1
u55,i193,1
u55,i204,1
u55,i202,1
u55,i37,1
u55,i161,1
u56,i136,1
u56,i50,1
u56,i50,1
u56,i202,1
u56,i5,1
u56,i215,1
u56,i202,1
u57,i93,1
u57,i5,1
u57,i37,1
u57,i121,1
u58,i104,1
u58,i149,1
u58,i193,1
u58,i229,1
u58,i136,1
u58,i37,1
u58,i66,1
u58,i113,1
u58,i5,1
u58,i204,1
u58,i37,1
u59,i204,1
u59,i204,1
u59,i237,1
u60,i37,1
u60,i72,1
u60,i100,1
u60,i204,1
u60,i193,1
u60,i193,1
u60,i37,1
u60,i100,1
u60,i72,1
u60,i204,1
u60,i238,1
u60,i106,1
u60,i233,1
u61,i106,1
u61,i174,1
u61,i37,1
u61,i35,1
u61,i106,1
u62,i179,1
u63,i37,1
u63,i33,1
u63,i113,1
u64,i161,1
u64,i100,1
u64,i168,1
u64,i233,1
u64,i106,1
u65,i202,1
u65,i5,1
u66,i29,1
u66,i148,1
u66,i238,1
u66,i37,1
u66,i37,1
u66,i161,1
u66,i62,1
u66,i37,1
u66,i37,1
u67,i202,1
u67,i215,1
u67,i238,1
u67,i37,1
u67,i204,1
u67,i37,1
u69,i35,1
u69,i62,1
u69,i106,1
u70,i69,1
u70,i5,1
u70,i69,1
u70,i106,1
u72,i5,1
u72,i106,1
u73,i168,1
u73,i5,1
u73,i35,1
u74,i168,1
u74,i204,1
u74,i168,1
u74,i100,1
u74,i193,1
u74,i193,1
u74,i72,1
u75,i204,1
u75,i5,1
u75,i193,1
u75,i215,1
u75,i193,1
u75,i69,1
u77,i202,1
u77,i202,1
u77,i5,1
u77,i93,1
u77,i245,1
u78,i69,1
u78,i204,1
u78,i5,1
u78,i204,1
u78,i237,1
u78,i193,1
u78,i194,1
u78,i204,1
u78,i194,1
u79,i237,1
u79,i204,1
u79,i62,1
u79,i106,1
u79,i220,1
u79,i136,1
u79,i93,1
u79,i204,1
u79,i161,1
u80,i50,1
u81,i174,1
u81,i215,1
u81,i202,1
u82,i37,1
u82,i238,1
u82,i37,1
u84,i182,1
u84,i129,1
u85,i215,1
u85,i35,1
u85,i106,1
u85,i136,1
u87,i193,1
u88,i120,1
u88,i215,1
u88,i104,1
u88,i149,1
u88,i149,1
u88,i230,1
u91,i136,1
u93,i106,1
u93,i37,1
u93,i215,1
u93,i35,1
u94,i238,1
u94,i106,1
u94,i136,1
u94,i37,1
u95,i69,1
u95,i5,1
u95,i5,1
u95,i106,1
u96,i106,1
u96,i215,1
u96,i220,1
u96,i204,1
u96,i5,1
u96,i193,1
u96,i204,1
u97,i194,1
u97,i5,1
u97,i204,1
u97,i200,1
u97,i204,1
u97,i5,1
u97,i106,1
u97,i161,1
u98,i193,1
u98,i161,1
u98,i5,1
u98,i136,1
u98,i215,1
u98,i35,1
u99,i33,1
u100,i37,1
u100,i204,1
u100,i62,1
u100,i37,1
u100,i5,1
u101,i106,1
u102,i136,1
u103,i232,1
u103,i164,1
u103,i164,1
u103,i35,1
u104,i215,1
u104,i202,1
u104,i106,1
u104,i37,1
u104,i97,1
u105,i136,1
u107,i161,1
u107,i106,1
u107,i204,1
u107,i106,1
u107,i37,1
u107,i106,1
u107,i204,1
u107,i204,1
u107,i106,1
u108,i69,1
u108,i136,1
u109,i136,1
u109,i168,1
u109,i35,1
u110,i202,1
u110,i119,1
u110,i136,1
u111,i106,1
u111,i204,1
u111,i193,1
u112,i106,1
u112,i5,1
u114,i136,1
u114,i206,1
u115,i161,1
u115,i106,1
u115,i202,1
u117,i100,1
u117,i237,1
u117,i106,1
u117,i220,1
u117,i138,1
u118,i238,1
u118,i106,1
u118,i37,1
u118,i37,1
u118,i238,1
u118,i138,1
u119,i194,1
u119,i194,1
u119,i194,1
u120,i37,1
u121,i62,1
u121,i37,1
u121,i37,1
u121,i50,1
u122,i93,1
u122,i5,1
u122,i69,1
u122,i93,1
u122,i37,1
u122,i93,1
u123,i238,1
u123,i204,1
u123,i5,1
u123,i35,1
u123,i204,1
u123,i69,1
u123,i204,1
u124,i136,1
u124,i106,1
u125,i237,1
u125,i37,1
u125,i161,1
u125,i161,1
u125,i202,1
u125,i93,1
u125,i202,1
u125,i121,1
u125,i5,1
u125,i69,1
u125,i103,1
u126,i193,1
u126,i91,1
u126,i215,1
u126,i69,1
u126,i237,1
u126,i5,1
u126,i204,1
u126,i69,1
u126,i106,1
u127,i119,1
u127,i120,1
u127,i37,1
u127,i38,1
u127,i204,1
u127,i69,1
u127,i69,1
u127,i5,1
u127,i106,1
u127,i66,1
u127,i204,1
u127,i204,1
u127,i204,1
u127,i149,1
u127,i103,1
u127,i204,1
u127,i104,1
u127,i86,1
u127,i200,1
u127,i37,1
u127,i93,1
u128,i168,1
u128,i204,1
u128,i69,1
u128,i193,1
u129,i35,1
u129,i106,1
u130,i52,1
u130,i52,1
u130,i200,1
u130,i69,1
u130,i41,1
u130,i14,1
u130,i86,1
u130,i62,1
u130,i35,1
u130,i106,1
u130,i86,1
u130,i51,1
u130,i41,1
u130,i51,1
u131,i237,1
u131,i204,1
u131,i121,1
u131,i161,1
u131,i141,1
u131,i106,1
u131,i204,1
u132,i37,1
u132,i161,1
u132,i136,1
u132,i161,1
u132,i106,1
u132,i69,1
u133,i204,1
u133,i5,1
u134,i106,1
u134,i237,1
u134,i62,1
u134,i136,1
u135,i37,1
u135,i136,1
u137,i5,1
u137,i141,1
u137,i161,1
u138,i202,1
u138,i161,1
u139,i215,1
u139,i62,1
u139,i106,1
u140,i168,1
u140,i37,1
u140,i6,1
u140,i100,1
u141,i135,1
u142,i164,1
u142,i164,1
u143,i69,1
u143,i106,1
u143,i193,1
u143,i118,1
u143,i35,1
u144,i106,1
u145,i204,1
u145,i97,1
u145,i119,1
u146,i35,1
u146,i37,1
u146,i5,1
u147,i193,1
u148,i37,1
u148,i238,1
u148,i37,1
u148,i37,1
u148,i238,1
u148,i204,1
u148,i237,1
u148,i193,1
u148,i106,1
u149,i106,1
u149,i202,1
u149,i236,1
u149,i5,1
u149,i69,1
u150,i62,1
u152,i69,1
u153,i5,1
u153,i120,1
u153,i202,1
u153,i106,1
u153,i193,1
u153,i69,1
u153,i204,1
u154,i62,1
u155,i62,1
u155,i82,1
u157,i35,1
u157,i93,1
u157,i162,1
u157,i93,1
u157,i237,1
u157,i164,1
u157,i69,1
u157,i164,1
u157,i19,1
u158,i136,1
u159,i106,1
u159,i237,1
u159,i164,1
u159,i164,1
u162,i245,1
u162,i238,1
u162,i37,1
u163,i136,1
u163,i5,1
u165,i35,1
u166,i204,1
u167,i136,1
u167,i202,1
u167,i202,1
u167,i193,1
u167,i100,1
u168,i215,1
u168,i202,1
u169,i62,1
u169,i117,1
u169,i117,1
u170,i204,1
u170,i237,1
u170,i202,1
u170,i202,1
u170,i204,1
u170,i136,1
u170,i37,1
u170,i245,1
u171,i168,1
u172,i6,1
u172,i37,1
u172,i106,1
u172,i69,1
u172,i23,1
u172,i37,1
u172,i50,1
u172,i193,1
u172,i193,1
u173,i161,1
u173,i202,1
u173,i204,1
u173,i5,1
u173,i204,1
u173,i37,1
u174,i35,1
u174,i168,1
u174,i120,1
u175,i6,1
u178,i106,1
u179,i136,1
u180,i62,1
u180,i172,1
u180,i237,1
u180,i120,1
u181,i72,1
u183,i37,1
u183,i35,1
u183,i168,1
u184,i62,1
u184,i62,1
u185,i5,1
u187,i5,1
u188,i37,1
u188,i37,1
u189,i69,1
u191,i204,1
u192,i182,1
u192,i118,1
u194,i93,1
u196,i161,1
u196,i168,1
u196,i202,1
u197,i172,1
u197,i202,1
u198,i106,1
u199,i136,1
u200,i202,1
u201,i215,1
u201,i33,1
u201,i168,1
u202,i202,1
u202,i100,1
u202,i202,1
u202,i218,1
u203,i62,1
u206,i5,1
u206,i204,1
u206,i106,1
u206,i232,1
u207,i282,1
u207,i62,1
u210,i245,1
u210,i62,1
u211,i62,1
u211,i237,1
u212,i62,1
u213,i5,1
u213,i136,1
u214,i230,1
u214,i164,1
u214,i200,1
u214,i28,1
u214,i161,1
u214,i175,1
u214,i149,1
u214,i104,1
u214,i86,1
u214,i136,1
u215,i194,1
u215,i136,1
u215,i194,1
u215,i194,1
u215,i245,1
u216,i136,1
u216,i113,1
u216,i202,1
u217,i95,1
u217,i136,1
u217,i53,1
u217,i135,1
u217,i66,1
u217,i104,1
u217,i139,1
u217,i161,1
u217,i120,1
u217,i71,1
u219,i5,1
u220,i37,1
u221,i5,1
u222,i5,1
u222,i245,1
u226,i232,1
u226,i232,1
u226,i136,1
u227,i202,1
u227,i107,1
u227,i159,1
u227,i107,1
u227,i106,1
u228,i106,1
u230,i136,1
u230,i62,1
u230,i202,1
u231,i136,1
u231,i202,1
u233,i202,1
u235,i69,1
u235,i5,1
u236,i62,1
u236,i245,1
u236,i5,1
u238,i5,1
u238,i129,1
u242,i119,1
u243,i5,1
u243,i62,1
u244,i193,1
u246,i136,1
u248,i120,1
u248,i104,1
u248,i149,1
u248,i149,1
u248,i66,1
u249,i5,1
u250,i136,1
u251,i62,1
u252,i136,1
u262,i215,1
u262,i202,1
u262,i106,1
u262,i193,1
u263,i193,1
u264,i136,1
u264,i232,1
u265,i202,1
u266,i62,1
u267,i204,1
u267,i204,1
u267,i100,1
u270,i106,1
u270,i35,1
u270,i204,1
u271,i202,1
u272,i106,1
u272,i193,1
u272,i202,1
u272,i215,1
u272,i5,1
u272,i193,1
u272,i204,1
u274,i193,1
u275,i100,1
u277,i172,1
u280,i245,1
u280,i202,1
u280,i119,1
u281,i37,1
u281,i193,1
u282,i149,1
u284,i69,1
u291,i202,1
u292,i202,1
u294,i69,1
u295,i172,1
u295,i119,1
u295,i135,1
u296,i69,1
u297,i69,1
u304,i117,1
u306,i69,1
u308,i69,1
u311,i179,1
u314,i5,1
u314,i37,1
u314,i95,1
u314,i135,1
u315,i172,1
u319,i168,1
u320,i69,1
u320,i69,1
u323,i5,1
u324,i215,1
u325,i172,1
u325,i120,1
u326,i72,1
u330,i202,1
u332,i193,1
u334,i5,1
u334,i62,1
u335,i202,1
u335,i202,1
u337,i202,1
u338,i202,1
u338,i238,1
u338,i202,1
u347,i193,1
u354,i62,1
u354,i37,1
u355,i232,1
u355,i37,1
u355,i37,1
u360,i202,1
u361,i5,1
u371,i5,1
u372,i5,1
u375,i202,1
u375,i62,1
u384,i193,1
u385,i202,1
u388,i202,1
u390,i193,1
u397,i193,1
u397,i118,1
u398,i202,1
u401,i202,1
u403,i193,1
u405,i82,1
u406,i100,1
u409,i193,1
u411,i168,1
u413,i193,1
u415,i204,1
u415,i69,1
u415,i193,1
u415,i93,1
u415,i19,1
u415,i237,1
u415,i37,1
u418,i193,1
u421,i202,1
u422,i193,1
u422,i202,1
u426,i139,1
u426,i5,1
u426,i135,1
u427,i202,1
u427,i193,1
u427,i204,1
u428,i5,1
u432,i103,1
u432,i232,1
u432,i121,1
u432,i194,1
u432,i195,1
u432,i37,1
u432,i82,1
u432,i93,1
u433,i119,1
u434,i202,1
u439,i193,1
u442,i62,1
u445,i194,1
u446,i91,1
u446,i62,1
u446,i91,1
u446,i69,1
u448,i37,1
u449,i37,1
u449,i117,1
u453,i37,1
u454,i71,1
u454,i232,1
u454,i37,1
u454,i202,1
u457,i37,1
u469,i157,1
u472,i62,1
u473,i95,1
u473,i135,1
u482,i202,1
u483,i202,1
u484,i94,1
u501,i179,1
u502,i179,1
u507,i168,1
u512,i82,1
u512,i233,1
u516,i5,1
u516,i232,1
u516,i35,1
u516,i204,1
u516,i35,1
u516,i33,1
u519,i161,1
u519,i136,1
u519,i62,1
u521,i37,1
u523,i215,1
u523,i215,1
u526,i179,1
u529,i168,1
u531,i119,1
u531,i5,1
u531,i69,1
u538,i233,1
u539,i245,1
u543,i168,1
u544,i238,1
u544,i37,1
u549,i237,1
u549,i37,1
u551,i37,1
u552,i202,1
u555,i62,1
u556,i135,1
u556,i193,1
u556,i139,1
u556,i95,1
u562,i37,1
u565,i179,1
u570,i179,1
u574,i62,1
u574,i179,1
u577,i62,1
u580,i72,1
u585,i139,1
u585,i135,1
u585,i95,1
u585,i71,1
u587,i193,1
u603,i62,1
u608,i37,1
u608,i37,1
u610,i62,1
u610,i72,1
u614,i168,1
u620,i62,1
u623,i100,1
u627,i202,1
u631,i139,1
u633,i62,1
u635,i168,1
u645,i37,1
u645,i237,1
u653,i82,1
u653,i233,1
u663,i37,1
u666,i119,1
u666,i179,1
u674,i37,1
u685,i179,1
u695,i37,1
u696,i37,1
u703,i179,1
u708,i37,1
u713,i237,1
u723,i237,1
u723,i69,1
u723,i233,1
